Year,Position,Country,Genre,nameSong
1960,24,Brazil,singer-songwriter,PorQuemSonhaAnaMaria?-JucaChaves
1960,28,Unknown,Unknown,ÓCrides-RonaldGolias
1960,89,Brazil,bossa nova,OQueTinhaDeSer-SylviaTelles
1960,95,Portugal,portuguese,MorrerPorTi-OswaldoRodrigues
1961,39,United States,blues,G.i.blues-ElvisPresley
1961,50,Brazil,forró,Dinah-ClérioMorais
1961,71,Unknown,Unknown,AnalfabetaEmAmor-EllenDeLima
1961,98,Unknown,Unknown,NäoSouDeNada-FernandoCosta
1962,30,Unknown,Unknown,Amargura-EllenDeLima
1962,37,United Kingdom,easy listening,StrangerOnTheShore-Mr.AckerBilk
1962,62,Unknown,Unknown,AmorEmChaChaCha-FernandoCosta
1962,67,Germany,Unknown,Negadocongo-WalterLevita
1962,91,United States,Unknown,IKnow(youDon’tLoveMeNoMore)-BarbaraGeorge
1962,95,Brazil,Unknown,OArlequimDeToledo(l’arlequinDeTolede)-AngelaMaria
1963,13,Unknown,Unknown,TemBoboPraTudo-AlcidesGerardi
1963,66,Brazil,Unknown,VoltePraCasa-NoiteIlustrada
1963,68,Unknown,Unknown,TemBoboPraTudo-IsauraGarcia
1963,79,United States,pop rock,BigGirlsDon’tCry-FrankieValliAndTheFourSeasons
1963,87,Brazil,Unknown,SambaDeUmaNotaSó-RadamésGnatalli
1963,94,United States,pop,Gina-JohnnyMathis
1964,11,Brazil,singer-songwriter,Doceamargura-MoacyrFranco
1964,24,Brazil,brazilian,Tudodemim-AltemarDutra
1964,33,United States,pop,IgualATiNãoHáNinguém(ComeTeNonC’ENessuno)-Rosemary
1964,37,Brazil,brazilian,Meninodaslaranjas-ElisRegina
1964,62,United States,pop,ThereI’veSaidItAgain-BobbyVinton
1964,65,Brazil,jovem guarda,Deixepramimaculpa-AgnaldoRayol
1964,96,Unknown,Unknown,Ifihadahammer-PriniLorenz
1965,31,United Kingdom,singer,Prelude/TheSoundofMusic-JulieAndrews
1965,40,United States,rock,Mr.TambourineMan-TheByrds
1965,41,Brazil,Unknown,OEscândalo(ShameandScandalInTheFamily)-RenatoeSeusBlueCaps
1965,46,Jamaica,jamaican songwriter,MyBoyLollipop-MillieSmall
1965,50,Italy,film composer,Acasad’Irene-NicoFidenco
1965,65,Brazil,Unknown,Afinalchegou(DiggedleBoeing)-OsVips
1965,66,Brazil,Unknown,SeOSeuAmorFosseP’raMim(ForLovin’Me)-TrioMelodia
1965,75,Brazil,jovem guarda,APraia(LaPlaya)-AgnaldoRayol
1966,14,United States,big band,Coruja-DneyeDino
1966,23,Brazil,Unknown,NãoDigaNada(NonDirmiNiente)-Joelma
1966,39,Italy,pop,IlMondo-JimmyFontana
1966,42,France,pop,LaBoheme-CharlesAznavour
1966,100,Brazil,instrumental rock,VaiSerBom(CaSeraitBeau)-TheFevers
1967,58,Brazil,Unknown,BarraLimpa-Martinha
1967,64,Italy,singer-songwriter,C’eraunragazzochecomeme…-GianniMorandi&ClaudioBaglioni
1967,75,Brazil,mpb,MúsicaParaVerAGarotaPassar-RonnieVon
1967,88,Unknown,Unknown,Eusóquerover-DenyeDino
1967,99,Brazil,singer-songwriter,Meuboi-ZéFidélis
1968,14,United States,seven,Mrs.Robinson-Simon&Garfunkel
1968,33,United States,country soul,LittleGreenApples-O.C.Smith
1969,48,United States,country soul,LittleGreenApples-O.C.Smith
1969,4,United States,pop,Aquarius/LetTheSunshineIn-TheFifthDimension
1969,68,Brazil,singer-songwriter,Sentinela-MiltonNascimentoeNanaCaynni
1969,84,United States,1960s,"1,2,3,RedLight-1910FruitgumCompany"
1970,8,Unknown,Unknown,RaindropsKeepFallin’OnMyHead-B.J.Thomas
1970,22,Brazil,pop,Oamoréomeupais-IvanLins
1970,86,United States,soul,TakeALetterMaria-R.B.Greaves
1970,99,United States,hip hop rnb and dance hall,TheOriginals-BabyI’mforreal
1971,6,United States,rock,HaveYouEverSeenTheRain?-CreedenceClearwaterRevival
1971,17,Brazil,Unknown,ATongaDaMirongaDoKabuletê-ToquinhoeViniciusdeMoraes
1971,35,United Kingdom,aln-sh,Mother-JohnLennon/PlasticOnoBand
1971,53,Brazil,singer-songwriter,BaladaNº7-MoacyrFranco
1971,57,United States,rock,"Ohme,Ohmy-B.J.Thomas"
1971,58,United Kingdom,pop,SanctusSanctusHalleluiah.-BarryRyan
1971,62,United States,easy listening,Lookaround(You’llfindmethere)-AlMartino
1971,89,Brazil,bossa nova,PraComeçodeAssunto-ElizabethCardoso
1971,94,United States,classic pop and rock,Mr.BigStuff-JeanKnight
1972,5,Unknown,Unknown,RockAndRollLullaby-B.J.Thomas
1972,34,Netherlands,country,There’sNoMoreCornOnTheBrasos-TheWalkers
1972,63,Brazil,Unknown,Essemarémeu-ElianaPittman
1972,97,Brazil,Unknown,HojeAindaéDiadeRock-Sá&Guarabyra
1973,20,United States,soul,MeAndMrs.Jones-BillyPaul
1973,45,United States,pop,Superwoman(WhereWereYou?)-StevieWonder
1973,67,Brazil,brega,"Cristo,quemévocê?-OdairJosé"
1973,69,Brazil,Unknown,Homemdeverdade-DjalmaDias
1974,51,Unknown,Unknown,LadyIt’sTimeToGo-StuNunnery
1975,31,Brazil,mpb,FilhodaBahia-FafádeBelém
1975,36,United States,soul,Idon’tliketosleepalone-PaulAnka&OdiaCoates
1975,96,Brazil,mpb,Antesquevolteasernada-LeciBrandao
1976,4,Brazil,singer-songwriter,ÀFlordaTerra(OqueSerá?)-ChicoBuarqueeMiltonNascimento
1976,20,Colombia,salsa,GraciasalaVida-GrupoTaracón
1976,24,Brazil,Unknown,Vámasvolte-AngelaMaria
1976,63,Brazil,pop,She’smygirl-MorrisAlbert
1976,75,United States,Unknown,ThemeFromS.W.A.T.-RhythmHeritage
1976,79,United States,pop,Ain’tNobodyStraightInLosAngeles-TheMiracles
1976,98,Brazil,singer-songwriter,JecaTotal-GilbertoGil
1977,18,United States,pop,StarWarsTheme/CantinaBand-Meco
1977,45,United States,2008 universal fire victim,YouDon’tHavetoBeaStar-MarilynMcCoo&BillyDavisJr.
1977,98,Brazil,Unknown,Bastaumdia-ClaraNunes
1978,22,Australia,disco,You’reTheOneThatIWant-JohnTravoltaeOliviaNewtonJohn
1978,34,United States,pop,TheCloserIGetToYou-RobertaFlackft.DonnyHathaway
1978,42,United Kingdom,Unknown,AutomaticLover-DeeD.Jackson
1978,84,Brazil,pop rock,Pai-FábioJr.
1979,2,Brazil,pop rock,Pai-FábioJr.
1978,88,Bonn,pop,LoveForSale-BoneyM.
1978,89,United States,soul,Onlythestrongsurvive-BillyPaul
1978,96,Brazil,pop rock,AChavedoMundo-MarinaLima
1978,97,Brazil,rock,AgoraéModa-RitaLee&TuttiFrutti
1979,36,United Kingdom,rock,DaYaThinkI’mSexy?-RodStewart
1979,71,United States,Unknown,I’dRatherHurtMyself(ThenToHurtYou)-RandyBrown
1979,97,United States,Unknown,I’madancer-DennisParker
1980,15,Brazil,pop rock,20ePoucosAnos-FábioJr.
1980,36,United States,rock,Babe-Styx
1980,46,Brazil,latin ballad,NossoEstranhoAmor-MarinaLimafeat.CaetanoVeloso
1980,66,Brazil,pop rock,QueroColo-FábioJr.
1980,68,United States,soul,ShineOn-L.T.D.
1981,32,United States,soul,ShineOn-L.T.D.
1980,93,Brazil,Unknown,RuaRamalhete-Tavito
1981,37,Brazil,pop rock,EuMeRendo-FábioJr.
1981,56,Brazil,jazz rock,ParaSeroSol-ACordoSom
1981,64,United Kingdom,rock,YouWeren’tInLove-MickFleetwood
1981,66,Ireland,irish,What’sInAKiss-GilbertO’Sullivan
1981,68,Brazil,mpb,BemSimples-RoupaNovaft.EdMotta
1981,70,United States,pop,"AWomanNeedsLove(JustLikeYouDo)-RayParkerJr.,Raydio"
1981,100,Brazil,mpb,"Meubem,meumau-GalCosta"
1982,10,Brazil,mpb,"Oqueé,Oqueé?-Gonzaguinha"
1982,21,Brazil,Unknown,portelanaavenida-ClaraNunes
1982,34,United States,blue-eyed soul,Centerfold-J.GeilsBand
1982,44,Brazil,pop rock,OQueéQueHá-FábioJr.
1982,94,United States,pop rock,Yesterday’sSongs-NeilDiamond
1983,32,Brazil,mpb,ProDiaNascerFeliz-NeyMatogrosso
1983,59,Brazil,mpb,Sensual-RoupaNovaft.ToniGarrido
1983,74,Brazil,pop,AsaMorena-ZiziPossi
1984,14,Brazil,fixme,Caminhoneiro-RobertoCarlos
1984,15,United States,classic pop and rock,EbonyEyes-RickJamesft.SmokeyRobinson
1984,20,Germany,Unknown,Recado(Meunamorado)-Joana
1984,36,United Kingdom,rock,IGuessThat’sWhyTheyCallItTheBlues-EltonJohn
1984,50,United States,new jack swing,IsThisTheEnd?-NewEdition
1984,53,Switzerland,american,What’sLoveGotToDoWithIt-TinaTurner
1984,64,United States,soul,IAmWhatIAm.-GloriaGaynor
1985,52,United States,show tunes,"MakeNoMistake,He’sMine-BarbraStreisand&KimCarnes"
1985,61,Brazil,Unknown,Serãoextra-Dr.Silvana&Cia
1985,69,United States,country,"WhatAboutMe?-KennyRogers,KimCarnes&JamesIngram"
1985,86,Brazil,pop rock,Choro-FábioJr.
1985,94,United States,tex-mex,Sóparaovento-Ritchie
1986,5,Brazil,pop rock,QuandoGiraoMundo-FábioJr.
1986,31,United States,new wave,BrokenWings-Mr.Mister
1986,73,United States,80s,TheFinest-S.O.S.Band
1986,83,Brazil,jazz rock,GostodoPrazer-ACordoSom/GilbertoGil
1987,2,Brazil,rock,Quepaíséesse?-LegiãoUrbana
1987,15,Australia,rock,Don’tDreamIt’sOverLive-CrowdedHouse
1987,60,Brazil,Unknown,TiroaoÁlvaro-ElisReginaeAdoniranBarbosa
1987,81,Brazil,punk rock,AAUU-Titãs
1987,95,United States,jazz,Diamonds-HerbAlpertft.JanetJackson
1988,3,United States,pop,"(I’veHad)TheTimeOfMyLife-BillMedley,JenniferWarnes"
1988,7,United States,pop rock,She’sLikeTheWind-PatrickSwayzeft.WendyFraser
1988,33,United Kingdom,pop,"WhatHaveIDoneToDeserveThis?-PetShopBoys,DustySpringfield"
1988,59,United Kingdom,rock,Idon’twannagoonwithyoulikethat-EltonJohn
1988,97,United States,rock,Angel-Aerosmith
1989,56,Germany,pop,GirlYouKnowIt’sTrue-MilliVanilli
1989,62,United States,freestyle,WalkingAwayMouthToMouth-InformationSociety
1989,73,United States,electronic,Don’tRushMe-TaylorDayne
1990,9,Belgium,eurodance,PumpUpTheJam-Technotronicfeat.Felly
1990,73,United States,rock,Janie’sGotAGun-Aerosmith
1990,94,Brazil,sertanejo romântico,Nuvemdelágrimas-Chitãozinho&XororóPart.EspecialFafádeBelém
1990,97,Brazil,mpb,Essetalderepienroll-RoupaNova
1991,12,Brazil,samba-rock,W/Brasil(ChamaOSíndico)-JorgeBenJor
1991,16,Brazil,rock,GrandeHotel-KidAbelha
1991,18,United States,soft rock,ItAin’tOverTilIt’sOver-LennyKravitz
1991,30,United States,rock,LosingMyReligion-R.E.M.
1991,51,United States,rock,ShinyHappyPeople-R.E.M.
1991,53,United States,chamber pop,Tom’sDiner-DNAfeat.SuzanneVega
1991,57,United Kingdom,ambient house,3a.m.eternal-KLF
1991,78,Brazil,Unknown,Boy(WhyYouWannaMakeMeBlue)-DeborahBlando
1992,5,United Kingdom,rock,"Don’tLetTheSunGoDownOnMe-GeorgeMichael,EltonJohn"
1992,21,Unknown,Unknown,Comopénaestrada-SulaMiranda
1992,24,United States,rock,ToBeWithYou-Mr.Big
1992,38,United States,west coast hip hop,JumpAround-HouseofPain
1992,59,Italy,eurodance,PleaseDon’tGo-DoubleYou
1992,84,United States,rock,GiveItAway-RedHotChiliPeppers
1992,99,Brazil,pop rock,RioeCanoa-FábioJr.
1993,9,Brazil,sertanejo romântico,Words(Palavras)-BeeGees/Chitãozinho&Xororó
1993,10,Brazil,latin,OMaisBeloDosBelos-DanielaMercury
1993,13,Brazil,Unknown,OlhosVermelhos-NegritudeJr.
1993,21,Brazil,pop rock,AiQueSaudadeD’Ocê-FábioJr.
1993,42,Brazil,rock,Emnoventaedois-KidAbelha
1993,55,United States,hip hop rnb and dance hall,HeyMr.D.J.-Zhane
1994,5,Brazil,pop,EuSóPensoEmVocê-ZezéDiCamargo&LucianoftWillieNelson
1994,11,Brazil,Unknown,OndeVocêMora?-CidadeNegra
1994,17,United States,new jack swing,BumpN’Grind-R.Kelly
1994,23,Brazil,pop rock,Esqueça(ForgetHim)-FábioJr.
1994,27,United States,pop rock,SaidILovedYou…ButILied-MichaelBolton
1994,29,Germany,dance-pop,Mr.Vain-CultureBeat
1994,46,United States,soul and reggae,WhattaMan-SaltNPepa(feat.EnVogue)
1994,49,United States,pop,EndlessLove-LutherVandrossft.MariahCarey
1994,66,United States,rock,Mr.Jones-CountingCrows
1994,67,United States,american,What’smyname?-SnoopDoggyDogg
1995,4,Canada,rock,HaveYouEverReallyLovedAWoman?-BryanAdams
1995,11,Brazil,axé,Xôsatanás-Asadeáguia
1995,37,United States,pop rap,Gangsta’sParadise-Cooliofeat.L.V.
1995,38,Brazil,pop rock,PareçoumMenino-FábioJr.
1995,41,Brazil,Unknown,Absoluta-NegritudeJr.
1995,98,Brazil,Unknown,VenenodaLata-FernandaAbreuft.HerbertVianna
1995,100,United States,jazz,Quemévocê?-Simone
1996,46,Unknown,Unknown,Mission:Impossible-AdamClayton&LarryMullen
1996,70,Ireland,rock,MissSarajevo-U2&L.Pavarotti
1996,73,United States,2008 universal fire victim,HowDoYouWantIt-2PacFt.KCi&JoJo
1996,82,United States,2008 universal fire victim,NoDiggity-Blackstreetft.DrDre
1996,94,United States,rap,Loungin-LLCoolJ(feat.Total)
1997,12,United States,r&b,HardToSayI’mSorry-AzYetft.PeterCetera
1997,24,Brazil,Unknown,NegaVá-ÉOTchan
1997,29,Brazil,jovem guarda,MiaGioconda-AgnaldoRayolftChristyaneRalf
1997,35,United States,Unknown,PleaseDon’tGo-NoMercy
1997,60,United States,new jack swing,IBelieveICanFly-R.Kelly
1997,67,United States,acoustic rock,"Morethanthis.-10,000Maniacs"
1997,68,Brazil,pop rock,ImpossívelAcreditarQuePerdiVocê-FábioJr.
1997,69,Brazil,pop rock,SóVocê-FábioJr.
1997,71,United States,art pop,WhereHaveAlltheCowboysGone?-PaulaCole
1997,86,Brazil,pop,VivendoporViver-ZezéDiCamargo&Lucianoft.EduardoLages
1998,1,Canada,classic pop and rock,Immortality-CélineDionft.BeeGees
1998,30,United States,american,MyAll-MariahCarey
1998,37,Brazil,rock,PresentedeumBeija-Flor-Natiruts
1998,68,Brazil,Unknown,TôDentroTôFora-OsMorenos
1998,77,Brazil,Unknown,"VaiSacudir,VaiAbalar-CheirodeAmor"
1999,6,Puerto Rico,puerto rican,She’sAllIEverHad-RickyMartin
1999,14,Germany,contemporary r&b,MamboNo.5-LouBega
1999,63,Brazil,brega,Amanhã-RobertaMiranda&ReginaldoRossi
1999,65,Spain,rock,Y¿SiFueraElla?-AlejandroSanz
2000,3,United States,rock,Smooth-Santanaft.RobThomas
2000,11,United States,hip hop,MariaMaria-CarlosSantanaft.theProductG&B
2000,13,Australia,melodic rock,IKnewILovedYou-SavageGarden
2000,18,France,Unknown,PapodeJacaré-P.OBox
2000,40,Brazil,pop,AntesdeVoltarPraCasa-ZezéDiCamargo&Luciano
2000,43,Germany,classical,HistoriadeAmor-JuventudeS/A
2000,78,Brazil,singer-songwriter,BackAtOne-BrianMcKnightft.IveteSangalo
2000,80,Brazil,Unknown,Éotchannaselva-Éotchan
2000,88,Brazil,alternative rock,VaiPirar-Jigaboopart.CharlieBrownJr
2000,95,United States,american,AgainstAllOdds(TakeaLookatMeNow)-MariahCareyft.Westlife
2001,35,Brazil,Unknown,Porqueserá?-Tihuana
2001,40,Brazil,Unknown,CerolnaMão/EntraeSai-BondedoTigrão
2001,42,Saddle River,hip hop rnb and dance hall,I’mReal-JenniferLopezft.JaRule
2002,27,United States,latin,Ain’tItFunny-JenniferLopez
2002,37,United Kingdom,downtempo,mylover’sgone-Dido
2002,39,Canada,rock,Hero-ChadKroegerfeat.JoseyScott
2002,54,United States,alternative rock,TheGameOfLove-Santanaft.MichelleBranch
2002,81,United States,rap,Girlfriend-N’SyncftNelly
2002,91,Brazil,pop rock,OndeEstámeuAmor?-RPM
2003,16,United States,latin,JennyfromtheBlock-JenniferLopez(ft.Jadakiss&StylesP)
2003,19,Brazil,mpb,Jáseinamorar-Tribalistas
2003,42,Russia,pop,AllTheThingsSheSaid-T.A.T.U
2003,66,Brazil,sertanejo,CredoemCruz/AveMaria-BrunoeMarrone
2003,67,United States,pop,MeAgainstTheMusic-BritneySpearsft.Madonna
2004,88,United States,pop,MeAgainstTheMusic-BritneySpearsft.Madonna
2003,74,Unknown,Unknown,Vocêvaisearrepender-MarloneMaicon
2003,78,United States,rock,WhyDon’tYou&I-Santanaft.AlexBand
2003,89,United States,tex-mex,LágrimasDemais-Ritchie
2003,90,Brazil,alternative rock,VicioseVirtudes-CharlieBrownJr.
2004,76,Brazil,alternative rock,VicioseVirtudes-CharlieBrownJr.
2003,92,Brazil,samba,DeixadeBanca-RaçaNegra&ReginaldoRossi
2004,20,United States,pop,WhereIsTheLove?-TheBlackEyedPeas
2004,45,United States,hip hop rnb and dance hall,MyPlace-Nellyft.Jaheim
2004,48,Brazil,rock,ComoEuQuero-KidAbelha
2004,57,Brazil,Unknown,NaoOlhePraTrás-CapitalInicial
2004,89,United States,hardcore hip hop,"IKnowWhatYouWant-BustaRhymes,MariahCareyft.FlipmodeSquad"
2004,93,Brazil,Unknown,SambaMakossa-CharlieBrownjr.eMarceloD2
2004,95,United States,rock,Broken-Seetherft.AmyLee
2004,96,Brazil,alternative rock,NãoUsoSapato-CharlieBrownJr.
2005,24,United States,rock,Numb/Encore-Z
2005,46,United States,pop and chart,CarWash-ChristinaAguilera(feat.MissyElliott)
2005,47,Unknown,Unknown,Duvido/Apaixonado-Bokaloka
2005,58,Brazil,Unknown,Nãomeconteseusproblemas-Ivete/BandaEva25Anos
2005,88,United States,hip hop,LoseControl-MissyElliott(feat.Ciara&FatManScoop)
2006,84,United States,hip hop,LoseControl-MissyElliott(feat.Ciara&FatManScoop)
2005,89,Brazil,sertanejo romântico,Aquiosistemaébruto-Chitãozinho&Xororó
2005,90,Brazil,mpb,"Ai,Ai,Ai-VanessadaMata"
2005,91,Brazil,sertanejo,PorQuêChoras?-BrunoeMarrone&BandaCalypso
2005,92,Spain,rock,LaTortura-Shakiraft.AlejandroSanz
2005,100,United States,hip hop,"1,2Step-Ciaraft.MissyElliott"
2006,7,Saddle River,hip-hop,HipsDon’tLie-Shakiraft.WyclefJean
2007,25,Saddle River,hip-hop,HipsDon’tLie-Shakiraft.WyclefJean
2006,19,United States,pop,DejaVu-BeyoncéPart.JayZ
2007,40,United States,pop,DejaVu-BeyoncéPart.JayZ
2006,32,Canada,hip hop,Promiscuous-NellyFurtadofeat.Timbaland
2006,34,Argentina,classical,"Quemdiria,hein…?-Daniel"
2006,47,United States,hip hop,CheckOnIt-Beyonceft.BunBandSlimThug
2006,50,Brazil,sertanejo,Eunãoseidizerquenãoteamo-EdsoneHudson
2006,60,Brazil,sertanejo,AmordePingPong-BrunoeMarronepart.Edson&Hudson
2007,46,Brazil,sertanejo,AmordePingPong-BrunoeMarronepart.Edson&Hudson
2006,64,Brazil,sertanejo,SeAindaExisteAmor-Leonardo
2006,72,São Paulo,Unknown,Quemjáperdeuumsonhoaqui?-Hateen
2006,75,New Jersey,Unknown,What’sLeftofMe(DeixoavozmeLevar)-LeandroLopes
2007,11,Brazil,mpb,BoaSorte/GoodLuck-VanessaDaMata(feat.BenHarper)
2007,13,United States,hip hop,LastNight-Diddyfeat.KeyshiaCole
2008,29,United States,hip hop,LastNight-Diddyfeat.KeyshiaCole
2007,14,Brazil,pop,DepoisdoAmor-Belo(part.Perlla)
2007,17,Canada,hip hop,GiveItToMe-Timbalandft.JustinTimberlake&NellyFurtado
2007,60,Unknown,Unknown,LuaCheia/FicaDoida-PapasdaLíngua
2007,64,United States,rock,"ThisAin’tAScene,It’sAnArmsRace-FallOutBoys"
2007,72,United States,rock,BeGoodToMeHSMTourVenue-AshleyTisdale
2007,80,Brazil,Unknown,ABCDE-GuilhermeeSantiago
2007,83,United States,rap,TheWayILive-BabyBoyDaPrinceft.LilBoosie
2007,89,England,jazz,TellMeWhatWe’reGonnaDoNow-JossStone
2008,1,Brazil,mpb,BoaSorte/GoodLuck-VanessaDaMata
2008,9,Unknown,Unknown,Umminuto-D’Black
2008,14,United States,pop,4Minutes-Madonnafeat.JustinTimberlake&Timbaland
2008,21,United States,contemporary r&b,NoAir-JordinSparksFeat.ChrisBrown
2008,27,Brazil,Unknown,Ciumenta-CesarMenottieFabiano
2008,34,Argentina,classical,DifícilNãoFalarDeAmor-Daniel
2008,42,United States,rap,LoveinThisClub-Usherft.YoungJeezy
2008,43,Brazil,Unknown,NoitesTraiçoeiras-PadreMarceloRossift.Belo
2008,49,United States,electronic,GiveIt2Me-Madonnafeat.Pharrell
2008,57,Brazil,mpb,Umacriançacomseuolhar-CharlieBrownJr.ftVanessadaMata
2008,77,United States,rap,AyoTechnology-50Centft.JustinTimberlake
2008,83,Canada,fixme,Dangerous-KardinalOffishallft.Akon
2009,5,Brazil,Unknown,Versossimples-Chimarruts
2009,16,United States,electronic,JustDance-LadyGagaft.ColbyO’Donis
2009,18,Brazil,singer-songwriter,Fly-WanessaCamargo(feat.JaRule)
2009,32,Brazil,sertanejo,PagaP*-Fernando&Sorocaba
2009,39,United States,pop,LiveYourLife-T.I.ft.Rihanna
2009,41,United States,adult contemporary,Lucky(feat.ColbieCaillat)-JasonMraz
2009,44,United States,pop,LoveS*xMagic-CiaraFtJustinTimberlake
2009,46,United Kingdom,pop,Downft.LilWayne-JaySean
2009,50,United States,film soundtrack,RightRound-FloRida(feat.Ke$ha)
2009,52,United States,pop,Rehab-Rihannaft.JustinTimberlake
2009,67,United States,rap,KissMeThruThePhone-SouljaBoyTell’emft.Sammie
2009,69,United States,alternative hip hop,Day‘n’Night-KidCudivs.Crookers
2009,73,Senegal,senegalese-american,"I’mSoPaidft.LilWayne,YoungJeezy-Akon"
2009,80,Brazil,Unknown,Reinventar/PraVeroSolBrilhar-Belo
2009,89,Brazil,singer-songwriter,EAgoraNós?-SorrisoMarotoeIveteSangalo
2010,96,Brazil,singer-songwriter,EAgoraNós?-SorrisoMarotoeIveteSangalo
2009,95,France,dance,Sex*yGirlChick-DavidGuettaFeatAkon
2009,98,Brazil,Unknown,TudonoOlhar-MarcoseBelutti
2009,99,United States,rock,PartyInTheU.S.A.-MileyCyrus
2010,8,Canada,pop,Baby-JustinBieberft.Ludacris
2010,22,Brazil,sertanejo,Estrelacadente-VictoreLeo
2010,25,United States,pop,LoveTheWayYouLie-Eminemft.Rihanna
2010,28,United States,pop,Hard-Rihannaft.Jeezy
2010,30,United States,electronic,Telephone-LadyGagaft.Beyoncé
2010,40,France,dance,SexyChick-DavidGuettaFeat.Akon
2010,43,United States,pop,Crawl-ChrisBrown(ft.Cassie)
2010,47,United States,rock,Down-JaySeanft.LilWayne
2010,51,United States,r&b,Nothin’OnYou-B.o.B(feat.BrunoMars)
2010,61,Canada,pop,NeverSayNever-JustinBieberft.JadenSmith
2011,55,Canada,pop,NeverSayNever-JustinBieberft.JadenSmith
2010,70,United States,film soundtrack,ClubCan’tHandleMe-FloRidaft.DavidGuetta
2011,100,United States,film soundtrack,ClubCan’tHandleMe-FloRidaft.DavidGuetta
2010,73,Unknown,Unknown,FareatsMovementfeatTheCataracs&Dev-Likeag6
2010,75,Colombia,rock,Loca-Shakiraft.ElCata
2011,16,Colombia,rock,Loca-Shakiraft.ElCata
2010,87,United States,hip hop,OMG-Usherfeat.Will.I.Am
2010,92,Canada,hip hop,WavingFlag-SkankFeatK’naan
2010,93,France,dance,GettingOver-DavidGuetta&ChrisWillisFeatFergie&LMFAO
2010,94,Unknown,Unknown,OQueCombinaComigoÉVocê-ZéHenrique&Gabriel(Part.PaulaFernandes)
2010,98,United States,dance,DJGotUsFallin’InLove-Usherft.Pitbull
2010,100,United Kingdom,hip hop rnb and dance hall,BreakYourHeartft.Ludacris-TaioCruz
2011,7,Brazil,sertanejo,ÁguadeOceano-Victor&Leo
2011,13,United States,rock,LastFridayNight(T.G.I.F.)-KatyPerry
2012,17,United States,rock,LastFridayNight(T.G.I.F.)-KatyPerry
2011,30,United States,hip-hop,Lighters-BadMeetsEvil(Feat.BrunoMars)
2011,32,Brazil,country,Abelha-JoãoBoscoeViníciusPart.JorgeeMateus
2011,42,United States,rock,E.T.-KatyPerry
2011,58,Scotland,electronic,WeFoundLove-Rihannaft.CalvinHarris
2012,69,Scotland,electronic,WeFoundLove-Rihannaft.CalvinHarris
2011,86,France,dance,WithoutYou-DavidGuettaft.Usher
2011,87,United Kingdom,hip hop rnb and dance hall,Higher-TaioCruzFeat.Kylie
2011,88,United States,hip hop,F**kyou-CeeLoGreen
2011,89,United States,hip hop,StereoHearts-GymClassHeroesft.AdamLevine
2011,95,United Kingdom,rapper,WrittenInTheStars-TinieTempahft.EricTurner
2011,99,United States,electronic,YouMakeMeFeel…-CobraStarshipft.Sabi
2012,6,Brazil,sertanejo,JáNaoSeiMaisNada(YoNoSeMañana)-Bruno&Marrone
2012,9,France,dance,Titanium-DavidGuettaft.Sia
2012,12,United States,singer-songwriter,SomebodyThatIUsedToKnow-Gotye(feat.Kimbra)
2012,25,United States,film soundtrack,Whistle-FloRida
2012,37,United States,electronic,GiveMeAllYourLuvin-Madonnafeat.M.I.A.andNickiMinaj
2012,44,United States,hip-hop,Lighters-BadMeetsEvilft.BrunoMars
2012,47,United States,hip hop rnb and dance hall,Payphone-Maroon5ft.WizKhalifa
2012,49,United States,film soundtrack,WildOnes-FloRidaft.Sia
2012,52,Colombia,rock,Rabiosa-Shakiraft.Pitbull
2012,54,Brazil,melodic hardcore,NãoÉNormal-NXZero
2012,56,Brazil,pop,QuandoVocêSome-VictoreLeoftZezeDiCamargoeLuciano
2012,59,United States,hip hop,StereoHearts-GymClassHeroes:ft.AdamLevine
2012,60,United States,pop,WeAreYoung-Fun.:ft.JanelleMonáe
2012,67,United States,latin,DanceAgain-JenniferLopezft.Pitbull
2012,71,United States,electronic,TurnMeOn-DavidGuettaft.NickiMinaj
2012,83,Brazil,alternative rock,CéuAzul-CharlieBrownJr.
2012,84,Canada,pop,AsLongAsYouLoveMe-JustinBieberft.BigSean
2012,87,Canada,pop,AllAroundTheWorld-JustinBieberft.Ludacris
2013,2,Brazil,pop,Teesperando-LuanSantanaPart.GiovannaLancellotti
2013,3,Austria,classical,Vagalumes-Pollo(part.IvoMozart)
2013,20,Brazil,Unknown,SeJoga-NaldoBennyFeat.FatJoe
2013,30,Brazil,country,Contoatédez-GeorgeHenriqueeRodrigoPart.JorgeeMateus
2013,33,Brazil,pop,SeTudoFosseFácil-MichelTelóPart.PaulaFernandes
2013,39,Brazil,alternative rock,MeuNovoMundo-CharlieBrownJr.
2013,47,Brazil,Unknown,Brigaspornada-SorrisoMaroto(Part.CoralResgate)
2013,49,United States,pop and chart,FeelThisMoment-Pitbullft.ChristinaAguilera
2013,58,United States,pop,Scream&Shout-will.i.amft.BritneySpears
2013,62,Brazil,Unknown,OusadiaeAlegria-Thiaguinhopart.Neymar
2013,67,Brazil,singer-songwriter,FestaBoa-Henrique&Diegoft.GusttavoLima
2013,86,Goiânia,Unknown,EAgora?-GeorgeHenriqueeRodrigo
2013,90,Scotland,electronic,SweetNothing-CalvinHarrisfeat.FlorenceWelch
2013,91,United States,hip hop,ThriftShop-MacklemoreeRyanLewsiftWanz
2013,95,Brazil,singer-songwriter,NãoMeCompares-AlejandroSanzft.IveteSangalo
2014,12,Brazil,pop,Tedarumbeijo-MichelTelófeat.PrinceRoyce
2014,20,Brazil,mpb,VocêMeViraaCabeça-Alcione
2014,30,Brazil,singer-songwriter,MeuMundoeNadaMais-Danielft.GuilhermeArantes
2014,39,Brazil,Unknown,Chamamissodetraição-JoãoNeto&Fredericopart.BrunoeMarrone
2014,45,Brazil,country,OndeNasceoSol-BruninhoeDavi(part.Jorge&Mateus)
2014,48,United Kingdom,house,RatherBe-CleanBanditft.JessGlynne
2014,49,United States,dance,Timber-Pitbullft.Ke$ha
2014,52,United States,pop,TheMonster-Eminemft.Rihanna
2014,59,Paraná,sertanejo,Colo-Jads&Jadsonpart.Victor&Leo
2014,67,United States,pop,Can’tRemembertoForgetYou-Shakiraft.Rihanna
2014,75,Brazil,sertanejo,Nuncamais-GeorgeHenriqueeRodrigopt.BrunoeMarrone
2014,83,Brazil,Unknown,Oquesefazaquisepaga-ZéRicardoeThiago
2014,84,Brazil,rap,PaísdoFutebol-MCGuimePart.Emicida
2014,90,United States,rock,TalkDirty-JasonDerulofeat.2Chainz
2014,100,Brazil,forró eletrônico,TóSouSeu-Fred&Gustavopart.WesleySafadão
2015,2,Brazil,rap,Suíte14-Henrique&Diegoft.McGuimê
2015,4,Brazil,sertanejo,10minutoslongedevocê-Victor&Leopart.Henrique&Juliano
2015,7,Brazil,forró eletrônico,Aquele1%-Marcos&Beluttipart.WesleySafadão
2016,80,Brazil,forró eletrônico,Aquele1%-Marcos&Beluttipart.WesleySafadão
2015,25,Brazil,Unknown,PrestoPouco-JoãoNeto&Fredericopart.GregoryeGabriel
2015,56,Brazil,Unknown,NãoQueroMais-Ludmilla(Part.Belo)
2015,74,Scotland,electronic,Blame-CalvinHarrisft.JohnNewman
2015,76,United States,hip hop rnb and dance hall,SeeYouAgain-WizKhalifaft.CharliePuth
2015,84,Unknown,special purpose artist,AnittaFeat.McGuimê-NoMeuTalento
2016,4,Brazil,Unknown,RomânticoAnônimo-Marcos&Beluttipart.FernandoZor
2016,6,Brazil,Unknown,Vaimeperdoando-Victor&Leopart.VictorFreitas&Felipe
2016,8,Brazil,Unknown,50Reais-NaiaraAzevedoFt.MaiaraeMaraisa
2016,19,Paraná,sertanejo,Vício-JoãoNetoeFredericoftJadseJadson
2016,27,Brazil,sertanejo,FlorEOBeija-Flor-HenriqueeJulianopart.MaríliaMendonça
2016,29,Brazil,Unknown,NãoMeToca-ZéFelipeft.Ludmilla
2016,52,Colombia,spanish,SimouNão-Anittapart.Maluma
2016,63,Brazil,teen pop,EssaMinaÉLouca-AnittaPart.Jhama
2016,67,Brazil,singer-songwriter,EAí-MatogrossoeMathias(Part.GusttavoLima)
2016,78,Brazil,forró eletrônico,MeuCoraçãoDeuPt-WesleySafadãoPart.MatheuseKauan
2016,88,Brazil,sertanejo universitário,QueBarqueCêTá?-JoãoBoscoeVinícius
2017,14,Brazil,sertanejo,Amigotaxista-ZéNetoeCristiano
2017,15,Brazil,Unknown,CêAcredita-JoãoNetoeFredericopart.MCKevinho
2017,16,Brazil,sertanejo,Raspão-Henrique&Diegoft.Simone&Simaria
2017,18,Brazil,singer-songwriter,AvisaQueeuCheguei-NaiaraAzevedopart.IveteSangalo
2017,21,Brazil,sertanejo,DeQuemÉACulpa?-MaríliaMendonça
2017,22,Brazil,Unknown,LásefoioBoicomaCorda-BrunoeBarrettofeat.DJKevin
2017,25,Brazil,pop,ModãoDuído-MichelTelópart.MaiaraeMaraisa
2017,26,Brazil,sertanejo,ImpressionandoosAnjos-GustavoMioto
2017,28,Brazil,country,ChaveCópia-FelipeAraújopart.JorgeeMateus
2017,29,Brazil,Unknown,EuVouTeBuscar(Chalalalala)-GusttavoLimaftHungriaHipHop
2017,37,Brazil,sertanejo,NinguémÉdeFerro-WesleySafadãoPart.MaríliaMendonça
2017,38,Brazil,singer-songwriter,Faixa3-Bruninho&Davift.GusttavoLima
2017,40,Brazil,funk ostentação,"VocêPartiuMeuCoração-NegodoBorelft.Anitta,WesleySafadão"
2017,42,Brazil,Unknown,VocêNãoValeNada-ZéFelipepart.MCMenor
2017,54,Brazil,sertanejo,Malbec-Henrique&Diegoft.DennisDj
2017,59,Brazil,Unknown,Praqueisso?-LuizaeMaurilio
2017,64,Brazil,sertanejo,AMalaéFalsa-FelipeAraújopart.Henrique&Juliano
2017,78,Brazil,Unknown,Põeno120-ConradoeAleksandroftDJKevin
2017,85,Brazil,Unknown,Amoresrasos-LuizHenriqueeLeoftHenriqueeDiego
2017,93,Brazil,country,CoisadeDeus-MichelTelóftJorgeeMateus
2017,96,Brazil,Unknown,EEssaBocaAí?-Bruninho&Davift.LuanSantana
2017,98,Brazil,Unknown,EsqueciComoNamora-NegodoBorelft.Maiara&Maraisa
2018,3,Brazil,sertanejo,Transplante-MaríliaMendonçapart.BrunoeMarrone
2018,7,Brazil,Unknown,RaparigaNão-JoãoNetoeFredericopart.SimoneeSimaria
2018,12,Brazil,Unknown,DonaMaria-ThiagoBravaFt.Jorge
2018,15,Brazil,Unknown,NãoFalaNãoPraMim-HumbertoeRonaldofeat.JerrySmith
2018,18,Brazil,country,BomRapaz-FernandoeSorocabaft.JorgeeMateus
2018,27,Brazil,sertanejo,PorTrásdaMaquiagem-MichelTelópart.MaríliaMendonça
2018,32,Unknown,Unknown,Oinego-JeffersonMoraesPart.Maraisa
2018,33,Brazil,Unknown,CancelaoSentimento-MarcoseBeluttifeat.MaríliaMendonça
2018,35,Brazil,sertanejo,CasaMobiliada-IsraeleRodolffoPart.EdsoneHudson
2018,38,Brazil,pop,ReggaeInRoca-ZezeDiCamargoeLucianoPart.OtavioAugustoeGabriel
2018,39,Brazil,Unknown,SigaaSeta-MarcoseBeluttift.MatheuseKauan
2018,50,Brazil,country,Sofazinho-LuanSantanaPart.JorgeeMateus
2018,53,Brazil,sertanejo,AmorDaSuaCama-FelipeAraújo
2018,78,Brazil,Unknown,Saudade-Eduardocosta
2018,81,Brazil,Unknown,MaisUmAnoJuntos-MarcoseBelutti
2018,82,Brazil,teen pop,"VaiMalandra-Anitta,McZaac,Maejorft.TropkillazeDJYuriMartins"
2018,99,Brazil,country,CoisadeDeus-MichelTelópart.JorgeeMateus
2018,100,Brazil,sertanejo,Traição-KleoDibahftMariliaMendonça
2019,16,Brazil,Unknown,ToneladadeSolidão-MarcoseBeluttiPart.Ferrugem
2019,17,Brazil,sertanejo,"Para,PensaeVolta-YasminSantosft.MaríliaMendonça"
2019,19,Brazil,sertanejo,ACulpaédoMeuGrau-Diego&VictorHugoft.ZéNeto&Cristiano
2019,24,Brazil,sertanejo,DoCopoEuVim-Diego&VictorHugoft.MaríliaMendonça
2019,25,Brazil,Unknown,PedaçoMeu-ClebereCauanPart.Jorge
2019,34,Brazil,singer-songwriter,DáPreferênciaPraMim-ThiagoBravapart.GusttavoLima
2019,39,Brazil,Unknown,ZonadeRisco-Fernando&Sorocabaft.Maiara&Maraisa
2019,47,Italy,jazz,FoiNé-DaniloBottrel
2019,50,Brazil,singer-songwriter,TiroCerto-ZéFelipepart.GusttavoLima
2019,55,Brazil,forró eletrônico,Posto24h-LucasLuccopart.WesleySafadão
2019,57,Brazil,Unknown,EuMeAcostumei-PheMichelftBelo
2019,61,Brazil,female,Delicinha-GabrielGavaPart.NaiaraAzevedo
2019,64,Brazil,sertanejo,Doisenganados-MuriloHufffeat.MaríliaMendonça
2019,66,Brazil,Unknown,PoucoaPouco-Dilsinhoft.SorrisoMaroto
2019,74,Brazil,Unknown,MeioSeu-JoãoNetoeFredericoPart.LéoSantana
2019,83,Unknown,Unknown,SaudadeBoa-JonasEsticadopart.FelipeAraújo
2019,84,Brazil,sertanejo universitário,PorAmarDemais-DaniloBottrelft.JoãoBosco&Vinicius
2019,87,Unknown,Unknown,JogodeCama-Lu&Alexpart.LéoMagalhães
2019,93,Brazil,Unknown,DoisDedin-ZéRicardoeThiagopart.LéoeRaphael
2019,94,Brazil,sertanejo,Clichê-Ludmillafeat.FelipeAraújo
2019,95,Brazil,sertanejo,ProntapraTrair-YasminSantos
2020,36,Brazil,sertanejo,Showderecaída-BrunoeMarrone
2020,48,Brazil,Unknown,Tiquindenada-JuninhoCamposftFelipeAarújo
2020,50,Brazil,Unknown,3batidas-GuilhermeeBenuto
2020,73,Brazil,Unknown,OBrasiltemquever-TurmadoPagodeftKevinho
2020,98,Brazil,Unknown,Casalraiz-XandAvião
2021,12,Brazil,sertanejo,Vocêbeberiaounãobeberia?-ZéNetoeCristiano
2021,14,Brazil,country,Dependencia-TheoeGabrielftJorge
2021,63,Colombia,reggaeton,Nolloresmas-SimoneeSimariaftSebastianYatra
2021,67,United States,alternative r&b,Leavethedooropen-BrunoMarsftAnderson.Paak
2021,87,Brazil,Unknown,Bastavocêmeligar-BarõesdaPisadinhaftXandAvião
2022,29,Brazil,sertanejo,Vontadedemorder-SimoneeSimariaftZéFelipe
2022,80,Brazil,Unknown,Umsonhador/Nãoprecisa/Nãoaprendidizeradeus-LauanaPrado
2023,16,Brazil,country,"EsseB.O.émeu-GuilhermeeBenuto,MatheuseKauan"
2023,33,Brazil,sertanejo,"Cadêseunamoradomoça?-ThalesLessa,BrunoeMarrone"
2023,54,Brazil,Unknown,Ninguempodesaber-MarcoseBelutti
2023,68,Příbram,punk,"Recaidacerta-WilliameBikido,ClaytoneRomário"
